track,album,album_type,artist,release_date,recording_period,producers,writers,vocals
Barrel of Pain,Earth & Sky,studio,Graham Nash,1980-15-02,,Graham Nash,Graham Nash,"Graham Nash, Gloria Coleman, Brenda Eager, Cleo Kennedy"
Earth & Sky,Earth & Sky,studio,Graham Nash,1980-15-02,,Graham Nash,Graham Nash,"Graham Nash, Cece Bullard"
Helicopter Song,Earth & Sky,studio,Graham Nash,1980-15-02,,Graham Nash,Graham Nash,"Graham Nash, Leah Kunkel"
In the 80's,Earth & Sky,studio,Graham Nash,1980-15-02,,Graham Nash,Graham Nash,"Graham Nash, Leah Kunkel"
It's All Right,Earth & Sky,studio,Graham Nash,1980-15-02,,Graham Nash,Graham Nash,"Graham Nash, Gloria Coleman, Brenda Eager, Cleo Kennedy"
Love Has Come,Earth & Sky,studio,Graham Nash,1980-15-02,,Graham Nash,Graham Nash,"Graham Nash, Jackson Browne, Armando Hurley, Nicolette Larson"
Magical Child,Earth & Sky,studio,Graham Nash,1980-15-02,,Graham Nash,Graham Nash,"Graham Nash, Gloria Coleman, Brenda Eager, Cleo Kennedy"
Out on the Island,Earth & Sky,studio,Graham Nash,1980-15-02,,Graham Nash,Graham Nash,"Graham Nash, David Crosby, Gloria Coleman, Brenda Eager, Cleo Kennedy"
Skychild,Earth & Sky,studio,Graham Nash,1980-15-02,,Graham Nash,Graham Nash,"Graham Nash, Gloria Coleman, Brenda Eager, Cleo Kennedy"
TV Guide,Earth & Sky,studio,Graham Nash,1980-15-02,,Graham Nash,"Nash, Joe Vitale","Graham Nash, Jackson Browne, Armando Hurley, Nicolette Larson"
Chippin' Away,Innocent Eyes,studio,Graham Nash,1986-27-03,,"Craig Doerge, Graham Nash",Tom Fedora,"Graham Nash, Tom Fedora"
Don't Listen to the Rumours,Innocent Eyes,studio,Graham Nash,1986-27-03,,"Craig Doerge, Graham Nash",John Palermo,"Graham Nash, John Palermo"
Glass and Steel,Innocent Eyes,studio,Graham Nash,1986-27-03,,"Craig Doerge, Graham Nash",Nash,Graham Nash
I Got a Rock,Innocent Eyes,studio,Graham Nash,1986-27-03,,"Craig Doerge, Graham Nash",Nash,Graham Nash
Innocent Eyes,Innocent Eyes,studio,Graham Nash,1986-27-03,,"Craig Doerge, Graham Nash",Paul Bliss,"Graham Nash, Paul Bliss"
Keep Away from Me,Innocent Eyes,studio,Graham Nash,1986-27-03,,"Craig Doerge, Graham Nash",Graham Nash,Graham Nash
Newday,Innocent Eyes,studio,Graham Nash,1986-27-03,,"Craig Doerge, Graham Nash","Craig Doerge, Nash","Graham Nash, Craig Doerge"
Over the Wall,Innocent Eyes,studio,Graham Nash,1986-27-03,,"Craig Doerge, Graham Nash",Graham Nash,Graham Nash
Sad Eyes,Innocent Eyes,studio,Graham Nash,1986-27-03,,"Craig Doerge, Graham Nash",Nash,Graham Nash
See You in Prague,Innocent Eyes,studio,Graham Nash,1986-27-03,,"Craig Doerge, Graham Nash","Davitt Sigerson, Richie Zito","Graham Nash, Davitt Sigerson, Richie Zito"
A Better Life,Now,studio,Graham Nash,2023-19-05,2020–2022,"Graham Nash, Todd Caldwell",Graham Nash,Graham Nash
Buddy's Back,Now,studio,Graham Nash,2023-19-05,2020–2022,"Graham Nash, Todd Caldwell",Graham Nash,"Graham Nash, Allan Clarke"
Follow Your Heart,Now,studio,Graham Nash,2023-19-05,2020–2022,"Graham Nash, Todd Caldwell",Graham Nash,Graham Nash
Golden Idols,Now,studio,Graham Nash,2023-19-05,2020–2022,"Graham Nash, Todd Caldwell",Graham Nash,Graham Nash
I Watched It All Come Down,Now,studio,Graham Nash,2023-19-05,2020–2022,"Graham Nash, Todd Caldwell",Graham Nash,Graham Nash
In A Dream,Now,studio,Graham Nash,2023-19-05,2020–2022,"Graham Nash, Todd Caldwell",Graham Nash,Graham Nash
It Feels Like Home,Now,studio,Graham Nash,2023-19-05,2020–2022,"Graham Nash, Todd Caldwell",Graham Nash,Graham Nash
Love of Mine,Now,studio,Graham Nash,2023-19-05,2020–2022,"Graham Nash, Todd Caldwell",Graham Nash,Graham Nash
Right Now,Now,studio,Graham Nash,2023-19-05,2020–2022,"Graham Nash, Todd Caldwell",Graham Nash,Graham Nash
Stand Up,Now,studio,Graham Nash,2023-19-05,2020–2022,"Graham Nash, Todd Caldwell",Graham Nash,Graham Nash
Stars & Stripes,Now,studio,Graham Nash,2023-19-05,2020–2022,"Graham Nash, Todd Caldwell",Graham Nash,Graham Nash
Theme From Pastoral,Now,studio,Graham Nash,2023-19-05,2020–2022,"Graham Nash, Todd Caldwell",Graham Nash,Graham Nash
When It Comes to You,Now,studio,Graham Nash,2023-19-05,2020–2022,"Graham Nash, Todd Caldwell",Graham Nash,Graham Nash
Barrel of Pain (Half-Life),Reflections,box set,Graham Nash,2/3/2009,1965-2007,Graham Nash,Graham Nash,Graham Nash
Behind The Shades,Reflections,box set,Graham Nash,2/4/2009,1965-2008,Graham Nash,Graham Nash,Graham Nash
Cold Rain,Reflections,box set,Graham Nash,2/5/2009,1965-2009,Graham Nash,Graham Nash,Graham Nash
Cowboy of Dreams,Reflections,box set,David Crosby,2/6/2009,1965-2010,Graham Nash,Graham Nash,Graham Nash
Dirty Little Secret,Reflections,box set,Graham Nash,2/7/2009,1965-2011,Graham Nash,Graham Nash,Graham Nash
Fieldworker,Reflections,box set,David Crosby,2/8/2009,1965-2012,Graham Nash,Graham Nash,Graham Nash
Grace,Reflections,box set,David Crosby,2/9/2009,1965-2013,Graham Nash,Graham Nash,Graham Nash
I Surrender,Reflections,box set,David Crosby,2/10/2009,1965-2014,Graham Nash,Graham Nash,Graham Nash
Immigration Man,Reflections,box set,Graham Nash,2/11/2009,1965-2015,Graham Nash,Graham Nash,Graham Nash
In Your Name,Reflections,box set,Graham Nash,2/12/2009,1965-2016,Graham Nash,Graham Nash,Graham Nash
Jesus of Rio,Reflections,box set,David Crosby,2/13/2009,1965-2017,Graham Nash,Graham Nash,Graham Nash
Liar's Nightmare,Reflections,box set,Graham Nash,2/14/2009,1965-2018,Graham Nash,Graham Nash,Graham Nash
Live On (The Wall),Reflections,box set,David Crosby,2/15/2009,1965-2019,Graham Nash,Graham Nash,Graham Nash
Love Is the Reason,Reflections,box set,Graham Nash,2/16/2009,1965-2020,Graham Nash,Graham Nash,Graham Nash
Love Work Out,Reflections,box set,David Crosby,2/17/2009,1965-2021,Graham Nash,Graham Nash,Graham Nash
Magical Child,Reflections,box set,Graham Nash,2/18/2009,1965-2022,Graham Nash,Graham Nash,Graham Nash
Marguerita,Reflections,box set,David Crosby,2/19/2009,1965-2023,Graham Nash,Graham Nash,Graham Nash
Michael (Hedges Here),Reflections,box set,Graham Nash,2/20/2009,1965-2024,Graham Nash,Graham Nash,Graham Nash
Mutiny,Reflections,box set,David Crosby,2/21/2009,1965-2025,Graham Nash,Graham Nash,Graham Nash
Right Between the Eyes,Reflections,box set,Graham Nash,2/22/2009,1965-2026,Graham Nash,Graham Nash,Graham Nash
Southbound Train,Reflections,box set,Graham Nash,2/23/2009,1965-2027,Graham Nash,Graham Nash,Graham Nash
To The Last Whale: Critical Mass/Wind On The Water,Reflections,box set,David Crosby,2/24/2009,1965-2028,Graham Nash,Graham Nash,Graham Nash
Try to Find Me,Reflections,box set,Graham Nash,2/25/2009,1965-2029,Graham Nash,Graham Nash,Graham Nash
Two Hearts,Reflections,box set,Carole King & Graham Nash,2/26/2009,1965-2030,Graham Nash,Graham Nash,Graham Nash
"Unequal Love - Live at Berkshire Performing Arts Center, August 1993",Reflections,box set,Graham Nash,2/27/2009,1965-2031,Graham Nash,Graham Nash,Graham Nash
Water from the Moon,Reflections,box set,Graham Nash,2/28/2009,1965-2032,Graham Nash,Graham Nash,Graham Nash
We Breathe The Same Air,Reflections,box set,Graham Nash,3/1/2009,1965-2033,Graham Nash,Graham Nash,Graham Nash
Be Yourself,Songs for Beginners,studio,Graham Nash,1971-28-05,1970,Graham Nash,Graham Nash,Graham Nash
Better Days,Songs for Beginners,studio,Graham Nash,1971-28-05,1970,Graham Nash,Graham Nash,"Graham Nash, Rita Coolidge"
Chicago (Graham Nash),Songs for Beginners,studio,Graham Nash,1971-28-05,1970,Graham Nash,Graham Nash,"Graham Nash, Rita Coolidge, Venetta Fields, Sherlie Matthews, Clydie King, Dorothy Combs Morrison"
I Used to Be a King,Songs for Beginners,studio,Graham Nash,1971-28-05,1970,Graham Nash,Graham Nash,Graham Nash
Man in the Mirror,Songs for Beginners,studio,Graham Nash,1971-28-05,1970,Graham Nash,Graham Nash,Graham Nash
Military Madness,Songs for Beginners,studio,Graham Nash,1971-28-05,1970,Graham Nash,Graham Nash,"Graham Nash, Rita Coolidge, P.P. Arnold"
Simple Man,Songs for Beginners,studio,Graham Nash,1971-28-05,1970,Graham Nash,Graham Nash,"Graham Nash, Rita Coolidge"
Sleep Song,Songs for Beginners,studio,Graham Nash,1971-28-05,1970,Graham Nash,Graham Nash,Graham Nash
There's Only One,Songs for Beginners,studio,Graham Nash,1971-28-05,1970,Graham Nash,Graham Nash,"Graham Nash, Rita Coolidge, Venetta Fields, Sherlie Matthews, Clydie King, Dorothy Combs Morrison"
We Can Change the World,Songs for Beginners,studio,Graham Nash,1971-28-05,1970,Graham Nash,Graham Nash,"Graham Nash, Rita Coolidge, Venetta Fields, Sherlie Matthews, Clydie King, Dorothy Combs Morrison"
Wounded Bird,Songs for Beginners,studio,Graham Nash,1971-28-05,1970,Graham Nash,Graham Nash,Graham Nash
Blizzard of Lies,Songs for Survivors,studio,Graham Nash,2002-30-07,2 October 2000 – 13 October 2000,"Graham Nash, Russ Kunkel",Graham Nash,Graham Nash
Dirty Little Secret,Songs for Survivors,studio,Graham Nash,2002-30-07,2 October 2000 – 13 October 2000,"Graham Nash, Russ Kunkel","Russ Kunkel, Nash",Graham Nash
I'll Be There for You,Songs for Survivors,studio,Graham Nash,2002-30-07,2 October 2000 – 13 October 2000,"Graham Nash, Russ Kunkel","Doug Ingoldsby, Nash, Joe Vitale",Graham Nash
Liar's Nightmare,Songs for Survivors,studio,Graham Nash,2002-30-07,2 October 2000 – 13 October 2000,"Graham Nash, Russ Kunkel","Nash, Jean Ritchie",Graham Nash
Lost Another One,Songs for Survivors,studio,Graham Nash,2002-30-07,2 October 2000 – 13 October 2000,"Graham Nash, Russ Kunkel",Graham Nash,Graham Nash
Nothing in the World,Songs for Survivors,studio,Graham Nash,2002-30-07,2 October 2000 – 13 October 2000,"Graham Nash, Russ Kunkel",Graham Nash,Graham Nash
Pavanne,Songs for Survivors,studio,Graham Nash,2002-30-07,2 October 2000 – 13 October 2000,"Graham Nash, Russ Kunkel","Richard Thompson, Linda Thompson",Graham Nash
The Chelsea Hotel,Songs for Survivors,studio,Graham Nash,2002-30-07,2 October 2000 – 13 October 2000,"Graham Nash, Russ Kunkel",Graham Nash,Graham Nash
Where Love Lies Tonight,Songs for Survivors,studio,Graham Nash,2002-30-07,2 October 2000 – 13 October 2000,"Graham Nash, Russ Kunkel","Nash, Vitale",Graham Nash
Another Broken Heart,This Path Tonight,studio,Graham Nash,2016-15-04,,Shane Fontayne,Graham Nash,Graham Nash
Back Home,This Path Tonight,studio,Graham Nash,2016-15-04,,Shane Fontayne,Graham Nash,Graham Nash
Beneath the Waves,This Path Tonight,studio,Graham Nash,2016-15-04,,Shane Fontayne,Graham Nash,Graham Nash
Cracks in the City,This Path Tonight,studio,Graham Nash,2016-15-04,,Shane Fontayne,Graham Nash,Graham Nash
Encore,This Path Tonight,studio,Graham Nash,2016-15-04,,Shane Fontayne,Graham Nash,Graham Nash
Fire Down Below,This Path Tonight,studio,Graham Nash,2016-15-04,,Shane Fontayne,Graham Nash,Graham Nash
Golden Days,This Path Tonight,studio,Graham Nash,2016-15-04,,Shane Fontayne,Graham Nash,Graham Nash
Mississippi Burning,This Path Tonight,studio,Graham Nash,2016-15-04,,Shane Fontayne,Graham Nash,Graham Nash
Myself at Last,This Path Tonight,studio,Graham Nash,2016-15-04,,Shane Fontayne,Graham Nash,Graham Nash
Target,This Path Tonight,studio,Graham Nash,2016-15-04,,Shane Fontayne,Graham Nash,Graham Nash
This Path Tonight,This Path Tonight,studio,Graham Nash,2016-15-04,,Shane Fontayne,Graham Nash,Graham Nash
Watch Out for the Wind,This Path Tonight,studio,Graham Nash,2016-15-04,,Shane Fontayne,Graham Nash,Graham Nash
And so It Goes,Wild Tales,studio,Graham Nash,2/1/1974,,Graham Nash,Graham Nash,"Graham Nash, Neil Young, David Crosby"
Another Sleep Song,Wild Tales,studio,Graham Nash,2/1/1974,,Graham Nash,Graham Nash,"Graham Nash, Joni Mitchell"
Grave Concern,Wild Tales,studio,Graham Nash,2/1/1974,,Graham Nash,Graham Nash,"Graham Nash, Stanley Johnston"
Hey You (Looking at The Moon),Wild Tales,studio,Graham Nash,2/1/1974,,Graham Nash,Graham Nash,Graham Nash
I Miss You,Wild Tales,studio,Graham Nash,2/1/1974,,Graham Nash,Graham Nash,Graham Nash
Oh! Camil (The Winter Soldier),Wild Tales,studio,Graham Nash,2/1/1974,,Graham Nash,Graham Nash,Graham Nash
On the Line,Wild Tales,studio,Graham Nash,2/1/1974,,Graham Nash,Graham Nash,"Graham Nash, David Crosby"
Prison Song,Wild Tales,studio,Graham Nash,2/1/1974,,Graham Nash,Graham Nash,"Graham Nash, David Crosby"
Wild Tales,Wild Tales,studio,Graham Nash,2/1/1974,,Graham Nash,Graham Nash,Graham Nash
You'll Never Be the Same,Wild Tales,studio,Graham Nash,2/1/1974,,Graham Nash,Graham Nash,Graham Nash
