track,album,release_date,recording_period,producers,writers,vocals
Military Madness,Songs for Beginners,1971-28-05,1970,Graham Nash,Graham Nash,Graham Nash
Better Days,Songs for Beginners,1971-28-05,1970,Graham Nash,Graham Nash,Graham Nash
Wounded Bird,Songs for Beginners,1971-28-05,1970,Graham Nash,Graham Nash,Graham Nash
I Used to Be a King,Songs for Beginners,1971-28-05,1970,Graham Nash,Graham Nash,Graham Nash
Simple Man,Songs for Beginners,1971-28-05,1970,Graham Nash,Graham Nash,Graham Nash
Man in the Mirror,Songs for Beginners,1971-28-05,1970,Graham Nash,Graham Nash,Graham Nash
There's Only One,Songs for Beginners,1971-28-05,1970,Graham Nash,Graham Nash,Graham Nash
Sleep Song,Songs for Beginners,1971-28-05,1970,Graham Nash,Graham Nash,Graham Nash
Chicago,Songs for Beginners,1971-28-05,1970,Graham Nash,Graham Nash,Graham Nash
Earth & Sky,Earth & Sky,1980-15-02,,Graham Nash,Graham Nash,Graham Nash
Love Has Come,Earth & Sky,1980-15-02,,Graham Nash,Graham Nash,Graham Nash
Out on the Island,Earth & Sky,1980-15-02,,Graham Nash,Graham Nash,Graham Nash
Skychild,Earth & Sky,1980-15-02,,Graham Nash,Graham Nash,Graham Nash
Barrel of Pain,Earth & Sky,1980-15-02,,Graham Nash,Graham Nash,Graham Nash
TV Guide,Earth & Sky,1980-15-02,,Graham Nash,"Nash, Joe Vitale",Graham Nash
It's All Right,Earth & Sky,1980-15-02,,Graham Nash,Graham Nash,Graham Nash
Magical Child,Earth & Sky,1980-15-02,,Graham Nash,Graham Nash,Graham Nash
See You in Prague,Innocent Eyes,1986-27-03,,"Craig Doerge, Graham Nash","Davitt Sigerson, Richie Zito",Graham Nash
Keep Away from Me,Innocent Eyes,1986-27-03,,"Craig Doerge, Graham Nash",Graham Nash,Graham Nash
Innocent Eyes,Innocent Eyes,1986-27-03,,"Craig Doerge, Graham Nash",Paul Bliss,Graham Nash
Chippin' Away,Innocent Eyes,1986-27-03,,"Craig Doerge, Graham Nash",Tom Fedora,Graham Nash
Don't Listen to the Rumours,Innocent Eyes,1986-27-03,,"Craig Doerge, Graham Nash",John Palermo,Graham Nash
Sad Eyes,Innocent Eyes,1986-27-03,,"Craig Doerge, Graham Nash",Nash,Graham Nash
Newday,Innocent Eyes,1986-27-03,,"Craig Doerge, Graham Nash","Craig Doerge, Nash",Graham Nash
Glass and Steel,Innocent Eyes,1986-27-03,,"Craig Doerge, Graham Nash",Nash,Graham Nash
Dirty Little Secret,Songs for Survivors,2002-30-07,2 October 2000 – 13 October 2000,"Graham Nash, Russ Kunkel","Russ Kunkel, Nash",Graham Nash
Blizzard of Lies,Songs for Survivors,2002-30-07,2 October 2000 – 13 October 2000,"Graham Nash, Russ Kunkel",Graham Nash,Graham Nash
Lost Another One,Songs for Survivors,2002-30-07,2 October 2000 – 13 October 2000,"Graham Nash, Russ Kunkel",Graham Nash,Graham Nash
The Chelsea Hotel,Songs for Survivors,2002-30-07,2 October 2000 – 13 October 2000,"Graham Nash, Russ Kunkel",Graham Nash,Graham Nash
I'll Be There for You,Songs for Survivors,2002-30-07,2 October 2000 – 13 October 2000,"Graham Nash, Russ Kunkel","Doug Ingoldsby, Nash, Joe Vitale",Graham Nash
Nothing in the World,Songs for Survivors,2002-30-07,2 October 2000 – 13 October 2000,"Graham Nash, Russ Kunkel",Graham Nash,Graham Nash
Where Love Lies Tonight,Songs for Survivors,2002-30-07,2 October 2000 – 13 October 2000,"Graham Nash, Russ Kunkel","Nash, Vitale",Graham Nash
Pavanne,Songs for Survivors,2002-30-07,2 October 2000 – 13 October 2000,"Graham Nash, Russ Kunkel","Richard Thompson, Linda Thompson",Graham Nash
Liar's Nightmare,Songs for Survivors,2002-30-07,2 October 2000 – 13 October 2000,"Graham Nash, Russ Kunkel","Nash, Jean Ritchie",Graham Nash
This Path Tonight,This Path Tonight,2016-15-04,,Shane Fontayne ,Graham Nash,Graham Nash
Myself at Last,This Path Tonight,2016-15-04,,Shane Fontayne ,Graham Nash,Graham Nash
Cracks in the City,This Path Tonight,2016-15-04,,Shane Fontayne ,Graham Nash,Graham Nash
Beneath the Waves,This Path Tonight,2016-15-04,,Shane Fontayne ,Graham Nash,Graham Nash
Fire Down Below,This Path Tonight,2016-15-04,,Shane Fontayne ,Graham Nash,Graham Nash
Another Broken Heart,This Path Tonight,2016-15-04,,Shane Fontayne ,Graham Nash,Graham Nash
Target,This Path Tonight,2016-15-04,,Shane Fontayne ,Graham Nash,Graham Nash
Golden Days,This Path Tonight,2016-15-04,,Shane Fontayne ,Graham Nash,Graham Nash
Back Home,This Path Tonight,2016-15-04,,Shane Fontayne ,Graham Nash,Graham Nash
Encore,This Path Tonight,2016-15-04,,Shane Fontayne ,Graham Nash,Graham Nash
Mississippi Burning,This Path Tonight,2016-15-04,,Shane Fontayne ,Graham Nash,Graham Nash
Watch Out for the Wind,This Path Tonight,2016-15-04,,Shane Fontayne ,Graham Nash,Graham Nash
Right Now,Now,2023-19-05,2020–2022,"Graham Nash, Todd Caldwell",Graham Nash,Graham Nash
A Better Life,Now,2023-19-05,2020–2022,"Graham Nash, Todd Caldwell",Graham Nash,Graham Nash
Golden Idols,Now,2023-19-05,2020–2022,"Graham Nash, Todd Caldwell",Graham Nash,Graham Nash
Stars & Stripes,Now,2023-19-05,2020–2022,"Graham Nash, Todd Caldwell",Graham Nash,Graham Nash
Love of Mine,Now,2023-19-05,2020–2022,"Graham Nash, Todd Caldwell",Graham Nash,Graham Nash
Theme from Pastoral,Now,2023-19-05,2020–2022,"Graham Nash, Todd Caldwell",Graham Nash,Graham Nash
In a Dream,Now,2023-19-05,2020–2022,"Graham Nash, Todd Caldwell",Graham Nash,Graham Nash
Stand Up,Now,2023-19-05,2020–2022,"Graham Nash, Todd Caldwell",Graham Nash,Graham Nash
It Feels Like Home,Now,2023-19-05,2020–2022,"Graham Nash, Todd Caldwell",Graham Nash,Graham Nash
Buddy's Back,Now,2023-19-05,2020–2022,"Graham Nash, Todd Caldwell",Graham Nash,Graham Nash
Follow Your Heart,Now,2023-19-05,2020–2022,"Graham Nash, Todd Caldwell",Graham Nash,Graham Nash
I Watched It All Come Down,Now,2023-19-05,2020–2022,"Graham Nash, Todd Caldwell",Graham Nash,Graham Nash
When It Comes to You,Now,2023-19-05,2020–2022,"Graham Nash, Todd Caldwell",Graham Nash,Graham Nash
